Microsoft Windows [Version 10.0.19045.2728]
(c) Microsoft Corporation. All rights reserved.

C:\Users\Alfiyah>cd \xampp\mysql\bin

C:\xampp\mysql\bin>mysql -u root -p
Enter password:
Welcome to the MariaDB monitor.  Commands end with ; or \g.
Your MariaDB connection id is 17
Server version: 10.4.27-MariaDB mariadb.org binary distribution

Copyright (c) 2000, 2018, Oracle, MariaDB Corporation Ab and others.

Type 'help;' or '\h' for help. Type '\c' to clear the current input statement.

MariaDB [(none)]> use dbtoko;
Database changed
MariaDB [dbtoko]> select * from produk;
+----+------+------------+------------+------------+------+----------+-----------------+
| id | kode | nama       | harga_beli | harga_jual | stok | min_stok | jenis_produk_id |
+----+------+------------+------------+------------+------+----------+-----------------+
|  1 | TV01 | TV         |    3000000 |    4000000 |    3 |        2 |               1 |
|  2 | TV02 | TV 21 Inch |    2000000 |    3000000 |   10 |        3 |               1 |
|  3 | K001 | Kulkas     |    4000000 |    5000000 |   10 |        3 |               1 |
|  4 | M001 | Meja Makan |    1000000 |    2000000 |    4 |        2 |               4 |
|  5 | T001 | Taro       |       4000 |       5000 |    3 |        2 |               2 |
|  6 | TK01 | Teh Kotak  |       3000 |       4000 |    2 |       10 |               3 |
+----+------+------------+------------+------------+------+----------+-----------------+
6 rows in set (0.000 sec)

MariaDB [dbtoko]> SELECT *FROM produk ORDER BY harga_beli DESC LIMIT 2;
+----+------+--------+------------+------------+------+----------+-----------------+
| id | kode | nama   | harga_beli | harga_jual | stok | min_stok | jenis_produk_id |
+----+------+--------+------------+------------+------+----------+-----------------+
|  3 | K001 | Kulkas |    4000000 |    5000000 |   10 |        3 |               1 |
|  1 | TV01 | TV     |    3000000 |    4000000 |    3 |        2 |               1 |
+----+------+--------+------------+------------+------+----------+-----------------+
2 rows in set (0.000 sec)

MariaDB [dbtoko]> SELECT * from produk WHERE id IN (6);
+----+------+-----------+------------+------------+------+----------+-----------------+
| id | kode | nama      | harga_beli | harga_jual | stok | min_stok | jenis_produk_id |
+----+------+-----------+------------+------------+------+----------+-----------------+
|  6 | TK01 | Teh Kotak |       3000 |       4000 |    2 |       10 |               3 |
+----+------+-----------+------------+------------+------+----------+-----------------+
1 row in set (0.000 sec)

MariaDB [dbtoko]> SELECT * FROM produk ORDER BY stok DESC LIMIT 2;
+----+------+------------+------------+------------+------+----------+-----------------+
| id | kode | nama       | harga_beli | harga_jual | stok | min_stok | jenis_produk_id |
+----+------+------------+------------+------------+------+----------+-----------------+
|  2 | TV02 | TV 21 Inch |    2000000 |    3000000 |   10 |        3 |               1 |
|  3 | K001 | Kulkas     |    4000000 |    5000000 |   10 |        3 |               1 |
+----+------+------------+------------+------------+------+----------+-----------------+
2 rows in set (0.000 sec)

MariaDB [dbtoko]> SELECT * from produk WHERE id IN (5,6);
+----+------+-----------+------------+------------+------+----------+-----------------+
| id | kode | nama      | harga_beli | harga_jual | stok | min_stok | jenis_produk_id |
+----+------+-----------+------------+------------+------+----------+-----------------+
|  5 | T001 | Taro      |       4000 |       5000 |    3 |        2 |               2 |
|  6 | TK01 | Teh Kotak |       3000 |       4000 |    2 |       10 |               3 |
+----+------+-----------+------------+------------+------+----------+-----------------+
2 rows in set (0.000 sec)

MariaDB [dbtoko]> select * from pelanggan;
+----+--------+----------------+--------+------+------------+------------+-------------------+----------+
| id | kode   | nama_pelanggan | alamat | jk   | tmp_lahir  | tgl_lahir  | email             | kartu_id |
+----+--------+----------------+--------+------+------------+------------+-------------------+----------+
|  1 | 011101 | Agung          | NULL   | L    | Bandung    | 1997-09-06 | agung@gmail.com   |        1 |
|  4 | 011102 | Pandan Wangi   | NULL   | P    | Yokyakarta | 1998-08-07 | pandan@gmail.com  |        2 |
|  5 | 011103 | Sekar          | NULL   | P    | Kediri     | 2001-09-08 | sekar@gmail.com   |        1 |
|  6 | 011104 | Gayatri Putri  | NULL   | L    | Kediri     | 1997-09-08 | suandi@gmail.com  |        1 |
|  7 | 011105 | Pradana        | NULL   | L    | Jakarta    | 2001-08-01 | pradana@gmail.com |        2 |
|  8 | 011106 | Gayatri        | NULL   | P    | Jakarta    | 2002-09-01 | gayatri@gmail.com |        1 |
+----+--------+----------------+--------+------+------------+------------+-------------------+----------+
6 rows in set (0.000 sec)

MariaDB [dbtoko]> SELECT * FROM pelanggan ORDER BY tgl_lahir DESC LIMIT 1;
+----+--------+----------------+--------+------+-----------+------------+-------------------+----------+
| id | kode   | nama_pelanggan | alamat | jk   | tmp_lahir | tgl_lahir  | email             | kartu_id |
+----+--------+----------------+--------+------+-----------+------------+-------------------+----------+
|  8 | 011106 | Gayatri        | NULL   | P    | Jakarta   | 2002-09-01 | gayatri@gmail.com |        1 |
+----+--------+----------------+--------+------+-----------+------------+-------------------+----------+
1 row in set (0.000 sec)

MariaDB [dbtoko]> SELECT * from pelanggan WHERE id IN (1,6);
+----+--------+----------------+--------+------+-----------+------------+------------------+----------+
| id | kode   | nama_pelanggan | alamat | jk   | tmp_lahir | tgl_lahir  | email            | kartu_id |
+----+--------+----------------+--------+------+-----------+------------+------------------+----------+
|  1 | 011101 | Agung          | NULL   | L    | Bandung   | 1997-09-06 | agung@gmail.com  |        1 |
|  6 | 011104 | Gayatri Putri  | NULL   | L    | Kediri    | 1997-09-08 | suandi@gmail.com |        1 |
+----+--------+----------------+--------+------+-----------+------------+------------------+----------+
2 rows in set (0.000 sec)

MariaDB [dbtoko]>